Player,Position,Cost,Points,Calc Points,App,Sub,Gls,Ass,MotM,%,Yel,Red,Pass 1,Pass 2,Tack 1,Tack 2,Shot 1,Shot 2,Save 1,Save 2,Cl Sh,Gl Con
"SALAH, M",STR,12.9,378.0,349.0,34,2,32,11,12,51.12,1,0,0,0,1,0,11,1,0,0,0,25
"DE BRUYNE, K",MID,12.0,281.0,281.0,36,1,8,17,10,29.07,2,0,6,11,3,2,2,0,0,0,0,17
"KANE, H",STR,13.0,280.0,283.0,35,2,29,2,7,37.7,5,0,0,0,0,0,12,2,0,0,0,0
"OTAMENDI, N",DEF,10.2,244.0,246.75,33,1,4,0,0,4.93,9,0,3,26,4,0,0,0,0,0,15,25
"AZPILICUETA, C",DEF,10.3,240.0,248.5,37,0,2,6,0,3.34,1,0,7,15,8,1,0,0,0,0,15,38
"ERIKSEN, C",MID,11.2,230.0,230.0,37,0,11,10,4,10.91,0,0,8,4,2,0,4,0,0,0,0,31
"STERLING, R",MID,11.5,228.0,228.0,29,4,18,15,3,2.74,3,1,0,0,0,0,2,0,0,0,0,20
"SILVA, D",MID,10.5,228.0,228.0,28,1,9,11,6,7.05,5,0,4,17,0,0,0,0,0,0,0,15
"DE GEA, D",GK,8.0,218.0,220.0,37,0,0,0,2,13.18,0,0,0,0,0,0,0,0,4,3,18,28
"WALKER, K",DEF,10.5,204.0,205.5,32,0,0,6,1,5.01,2,1,4,14,2,0,0,0,0,0,15,22
"AGUERO, S",STR,12.8,202.0,202.0,22,3,21,6,4,8.83,2,0,0,0,0,0,7,0,0,0,0,0
"HAZARD, E",MID,11.8,199.0,199.0,28,6,12,5,9,8.5,2,0,0,0,0,0,2,1,0,0,0,25
FERNANDINHO,MID,9.9,196.0,196.0,33,1,5,4,1,3.72,7,0,5,23,5,0,0,0,0,0,0,21
"MAHREZ, R",MID,10.8,195.0,195.0,34,2,12,12,3,3.93,2,0,0,0,0,0,2,0,0,0,0,49
"FIRMINO, R",STR,12.2,193.0,193.0,32,5,15,8,2,9.66,1,0,0,0,7,0,1,0,0,0,0,0
"MORAES, E",GK,7.9,188.0,178.5,36,0,0,0,0,4.65,1,0,0,0,0,0,0,0,1,0,16,26
"ALONSO, M",DEF,10.1,187.0,190.5,33,0,7,2,2,3.05,6,0,0,0,2,0,2,0,0,0,13,30
"XHAKA, G",MID,9.6,186.0,186.0,37,1,1,8,0,2.51,10,0,10,19,4,2,0,0,0,0,0,47
"VARDY, J",STR,11.5,185.0,188.0,37,0,20,1,2,3.74,3,0,0,0,0,0,2,0,0,0,0,0
"LLORIS, H",GK,7.5,183.0,183.25,36,0,0,0,1,8.19,1,0,0,0,0,0,0,0,4,1,15,35
"LUKAKU, R",STR,12.7,183.0,186.0,33,1,16,7,2,10.66,4,0,0,0,0,0,6,0,0,0,0,0
"SANE, L",MID,10.3,182.0,182.0,27,5,10,15,4,16.49,4,0,0,0,1,0,0,0,0,0,0,21
"HEUNG-MIN, S",STR,10.6,181.0,181.0,27,10,12,8,5,7.0,0,0,0,0,0,0,4,0,0,0,0,0
"VERTONGHEN, J",DEF,10.0,179.0,182.25,36,0,0,0,0,2.54,4,0,10,7,3,0,0,0,0,0,15,31
"ARNAUTOVIC, M",STR,10.1,178.0,167.0,28,3,11,6,7,9.84,5,1,0,0,2,0,2,0,0,0,0,44
"POPE, N",GK,6.9,175.0,168.25,34,1,0,0,3,6.17,3,0,0,0,0,0,0,0,5,3,11,35
"VALENCIA, A",DEF,9.8,173.0,174.5,31,0,3,1,1,3.24,7,0,7,1,2,0,0,0,0,0,15,22
"POGBA, P",MID,10.6,172.0,172.0,25,2,6,11,5,9.41,5,1,1,8,3,0,1,0,0,0,0,18
"RYAN, M",GK,6.5,172.0,174.5,38,0,0,0,4,4.1,0,0,0,0,0,0,0,0,11,0,10,54
"MONREAL, N",DEF,9.7,172.0,178.75,26,2,5,2,1,1.0,3,0,3,9,3,0,0,0,0,0,10,29
"COURTOIS, T",GK,7.7,165.0,170.5,35,0,0,0,0,2.02,2,0,0,0,0,0,0,0,3,0,15,34
"GROSS, P",MID,9.3,162.0,162.0,35,3,7,8,4,3.06,2,0,0,0,1,1,0,0,0,0,0,43
"ZAHA, W",MID,10.2,161.0,161.0,28,1,9,5,6,7.37,5,0,0,0,2,0,3,0,0,0,0,29
"OZIL, M",MID,10.4,159.0,159.0,24,2,4,9,5,2.07,4,0,5,9,0,0,0,0,0,0,0,34
"RAMSEY, A",MID,10.0,159.0,159.0,21,3,7,10,3,2.88,0,0,3,2,4,0,2,1,0,0,0,24
"ALLI, D",MID,11.1,158.0,158.0,34,2,9,12,0,2.65,7,0,0,0,1,1,0,0,0,0,0,26
"LACAZETTE, A",STR,11.4,158.0,158.0,26,6,14,5,2,3.44,1,0,0,0,0,0,3,0,0,0,0,0
"RUDIGER, A",DEF,9.5,157.0,159.5,25,2,2,1,1,1.23,4,0,5,7,2,0,0,0,0,0,12,22
"DAVIES, B",DEF,9.6,157.0,157.0,26,3,2,7,0,1.21,3,0,2,1,4,0,0,0,0,0,12,20
"MATIC, N",MID,9.6,156.0,156.0,35,1,1,1,4,3.33,6,0,5,14,5,0,0,0,0,0,0,24
"DOUCOURE, A",MID,8.7,156.0,156.0,37,0,7,4,1,5.89,10,0,4,4,5,1,0,0,0,0,0,56
"SHAQIRI, X",MID,9.5,155.0,158.0,36,0,8,8,3,6.76,5,0,0,0,0,0,2,0,0,0,0,56
"FABIANSKI, L",GK,6.5,155.0,153.0,38,0,0,0,1,4.19,0,0,0,0,0,0,0,0,4,5,9,56
"SANCHEZ, A",STR,12.0,153.0,156.0,29,2,9,8,4,6.39,5,0,0,0,1,0,5,0,0,0,0,0
"MUSTAFI, S",DEF,8.8,153.0,158.5,25,2,3,1,0,1.75,6,0,5,7,6,1,0,0,0,0,10,30
"LOVREN, D",DEF,8.7,151.0,155.0,24,5,2,1,1,5.8,4,0,3,9,1,0,0,0,0,0,11,24
"MOOY, A",MID,8.7,149.0,149.0,34,2,4,3,5,4.42,4,0,5,1,6,0,0,0,0,0,0,48
"PICKFORD, J",GK,7.2,148.0,153.5,38,0,0,0,1,13.32,0,0,0,0,0,0,0,0,7,1,10,58
"BELLERIN, H",DEF,8.9,146.0,157.0,34,1,2,3,0,2.65,5,0,3,1,3,2,0,0,0,0,12,44
"LOSSL, J",GK,6.5,146.0,153.5,38,0,0,1,2,2.27,1,0,0,0,0,0,0,0,5,0,10,58
"ROBERTSON, A",DEF,9.0,145.0,146.5,22,0,1,5,1,13.01,2,0,3,8,1,0,0,0,0,0,10,18
"SANCHEZ, D",DEF,8.7,144.0,146.75,29,2,0,0,0,5.27,1,1,5,7,0,0,0,0,0,0,13,21
"FABREGAS, C",MID,9.8,144.0,144.0,25,7,2,4,2,1.03,4,1,4,11,8,1,0,0,0,0,0,25
"KANTE, N",MID,9.4,143.0,143.0,34,0,1,1,1,9.01,3,0,9,5,11,3,0,0,0,0,0,29
"MANE, S",MID,11.0,143.0,143.0,28,1,10,8,0,10.93,3,1,0,0,1,0,3,0,0,0,0,19
"SMALLING, C",DEF,9.4,140.0,141.0,28,1,4,0,0,1.14,4,0,3,0,1,1,0,0,0,0,11,24
RICHARLISON,MID,8.6,140.0,140.0,32,6,5,8,2,12.65,4,0,0,0,2,2,0,0,0,0,0,47
"MILIVOJEVIC, L",MID,8.7,140.0,143.0,35,1,10,2,1,5.25,8,0,1,0,2,1,0,0,0,0,0,51
"CECH, P",GK,7.3,140.0,148.0,34,0,0,0,1,0.63,1,0,0,0,0,0,0,0,4,1,11,48
"LASCELLES, J",DEF,8.1,137.0,137.25,32,1,3,0,2,8.45,5,0,2,1,1,0,0,0,0,0,9,31
WILLIAN,MID,9.5,137.0,137.0,20,16,6,7,3,4.43,1,0,0,0,1,0,4,0,0,0,0,17
"MAGUIRE, H",DEF,8.5,133.0,149.0,38,0,2,4,2,30.52,7,0,1,0,6,0,0,0,0,0,9,60
"JONES, P",DEF,9.1,131.0,134.25,23,0,0,0,2,0.61,2,0,3,0,1,0,0,0,0,0,15,11
"GUEYE, I",MID,8.6,130.0,130.0,32,1,2,2,3,1.73,6,1,4,0,12,3,0,0,0,0,0,40
"JESUS, G",STR,12.1,130.0,136.0,19,10,13,6,1,4.24,6,0,0,0,1,0,2,0,0,0,0,0
"MORATA, A",STR,11.7,130.0,130.0,24,7,11,6,1,1.15,7,0,0,0,0,0,2,0,0,0,0,0
"GUDMUNDSSON, J",MID,8.6,128.0,128.0,32,3,2,9,4,1.63,2,0,0,0,2,0,0,0,0,0,0,29
"SCHMEICHEL, K",GK,6.7,128.0,130.25,33,0,0,0,2,8.68,3,0,0,0,0,0,0,0,5,1,8,47
"MATIP, J",DEF,8.7,126.0,132.25,22,3,1,0,0,0.67,3,0,4,9,4,0,0,0,0,0,9,27
"KOLASINAC, S",DEF,8.3,126.0,133.5,25,2,2,4,1,1.82,3,0,0,1,4,0,0,0,0,0,10,30
DANILO,DEF,8.4,126.0,127.25,13,10,3,2,0,3.59,2,0,0,5,3,1,0,0,0,0,9,11
"GOMEZ, J",DEF,8.2,125.0,128.5,21,2,0,2,1,2.25,3,0,3,5,8,0,0,0,0,0,9,22
"NDIDI, W",MID,8.6,122.0,122.0,33,0,0,4,1,1.63,6,2,1,1,17,4,0,0,0,0,0,44
"KOSCIELNY, L",DEF,8.5,122.0,130.0,25,0,2,0,0,1.21,4,0,7,6,3,0,0,0,0,0,8,32
"SCHINDLER, C",DEF,7.9,122.0,134.75,37,0,0,2,1,2.97,6,1,2,1,7,2,0,0,0,0,9,53
"MURRAY, G",STR,9.6,122.0,128.0,25,10,12,0,3,1.63,9,0,0,0,0,0,1,0,0,0,0,0
"LINGARD, J",MID,9.7,122.0,122.0,20,13,8,5,0,9.63,2,0,1,0,0,0,3,0,0,0,0,18
"TARKOWSKI, J",DEF,8.5,121.0,123.5,31,0,0,1,2,5.27,5,0,0,0,3,0,0,0,0,0,11,30
"TRIPPIER, K",DEF,8.5,120.0,122.75,21,3,0,6,1,34.65,1,0,3,1,2,1,0,0,0,0,9,21
"PEREZ, A",STR,9.8,119.0,121.0,28,8,8,5,1,1.67,3,0,0,0,0,0,0,0,0,0,0,0
"VAN DIJK, V",DEF,9.9,118.0,127.0,25,1,0,0,0,9.91,1,0,5,9,1,0,0,0,0,0,9,28
"WILSON, C",STR,9.7,118.0,118.0,23,5,8,2,3,1.69,0,0,0,0,0,0,3,0,0,0,0,0
"RITCHIE, M",MID,8.6,117.0,117.0,32,3,3,5,3,1.35,6,0,0,0,4,0,0,0,0,0,0,32
"BERTRAND, R",DEF,8.2,117.0,126.75,35,0,0,5,2,2.77,2,0,1,1,3,0,0,0,0,0,7,49
"BARNES, A",STR,9.7,116.0,116.0,21,15,9,0,4,0.82,10,0,0,0,1,0,1,0,0,0,0,0
"TOMKINS, J",DEF,7.8,116.0,122.0,27,1,3,0,2,1.85,8,0,1,0,4,0,1,0,0,0,8,32
"IZQUIERDO, J",MID,8.5,114.0,114.0,23,9,5,4,3,1.14,2,0,0,0,1,0,1,0,0,0,0,31
"VAN AANHOLT, P",DEF,7.6,114.0,124.5,25,3,5,1,2,15.9,7,0,0,0,5,0,0,0,0,0,6,38
"KING, J",STR,9.3,113.0,113.0,27,6,8,3,1,2.23,3,0,0,0,1,0,0,0,0,0,0,0
"DELPH, F",MID,8.5,112.0,112.0,21,1,1,2,0,1.77,2,0,3,13,4,2,0,0,0,0,0,15
"LANZINI, M",MID,8.6,111.0,114.0,23,4,5,7,1,2.38,4,0,1,2,1,0,1,0,0,0,0,40
"BEGOVIC, A",GK,6.6,111.0,120.0,38,0,0,0,1,1.7,2,0,0,0,0,0,0,0,7,0,6,60
"MARTIAL, A",STR,10.5,111.0,111.0,18,12,9,5,0,0.94,1,0,0,0,1,0,1,0,0,0,0,0
"JORGENSEN, M",DEF,7.6,111.0,126.5,38,0,0,2,0,1.45,6,0,3,1,3,0,0,0,0,0,10,58
"CRESSWELL, A",DEF,8.0,111.0,131.0,35,1,1,7,0,1.89,7,0,0,0,1,0,1,0,0,0,10,60
"KOMPANY, V",DEF,9.5,110.0,109.25,17,0,1,1,0,0.91,6,0,5,10,2,0,0,0,0,0,6,11
"DIER, E",MID,8.9,110.0,110.0,32,2,0,2,0,2.99,4,0,4,8,5,0,0,0,0,0,0,28
"HENDERSON, J",MID,9.3,110.0,110.0,25,2,1,1,0,2.64,1,0,4,12,3,0,0,0,0,0,0,15
"TOWNSEND, A",MID,8.4,109.0,109.0,35,1,2,9,0,2.23,3,0,0,0,1,0,0,0,0,0,0,47
"MOUNIE, S",STR,9.4,109.0,109.0,21,7,7,2,3,0.53,2,0,0,0,1,0,2,0,0,0,0,0
"STONES, J",DEF,8.9,108.0,110.25,16,2,0,0,0,7.09,0,0,2,11,1,0,0,0,0,0,8,11
"ROMEU, O",MID,8.5,108.0,108.0,34,0,1,0,1,0.48,11,0,1,4,7,4,0,0,0,0,0,44
"RASHFORD, M",STR,10.4,108.0,108.0,17,18,7,5,1,4.61,3,0,0,0,0,0,2,0,0,0,0,0
"KLAVAN, R",DEF,8.0,107.0,110.25,16,3,1,0,0,0.56,0,0,2,8,2,0,0,0,0,0,8,15
"KARIUS, L",GK,7.3,107.0,103.5,19,0,0,0,0,0.35,1,0,0,0,0,0,0,0,0,0,10,14
"OX-CHAMBERLAIN, A",MID,9.7,107.0,107.0,17,18,3,7,3,0.69,3,0,0,0,2,0,0,0,0,0,0,26
"WARD, S",DEF,7.4,107.0,109.25,28,0,1,1,0,8.07,1,0,0,0,3,0,0,0,0,0,9,27
"WOOD, C",STR,9.3,106.0,106.0,20,4,10,1,2,2.31,1,0,0,0,0,0,0,0,0,0,0,0
"ZOUMA, K",DEF,7.6,105.0,116.5,32,2,1,0,3,0.76,1,0,0,0,6,0,0,0,0,0,6,50
"AKE, N",DEF,8.1,104.0,117.5,37,1,2,3,0,2.69,5,0,1,1,2,0,0,0,0,0,6,58
"YOUNG, A",DEF,8.7,103.0,99.25,28,2,2,5,2,1.23,7,0,1,1,5,0,0,0,0,0,0,23
"MILNER, J",MID,8.8,103.0,103.0,16,16,0,3,2,1.84,3,0,5,5,4,2,0,0,0,0,0,25
"STEPHENS, D",MID,8.3,103.0,103.0,36,0,0,3,0,0.4,6,0,2,1,6,3,0,0,0,0,0,50
"DANIELS, C",DEF,7.7,102.0,110.75,34,1,1,3,0,2.35,0,0,1,0,3,0,0,0,0,0,6,49
"MCARTHUR, J",MID,8.3,102.0,102.0,27,6,5,2,0,0.52,5,0,0,0,4,1,0,0,0,0,0,35
"HENNESSEY, W",GK,6.5,101.0,111.75,27,0,0,0,1,2.68,1,0,0,0,0,0,0,0,3,3,7,41
"CAHILL, G",DEF,8.4,101.0,106.0,24,3,0,0,0,3.27,1,1,5,2,2,0,0,0,0,0,9,24
"ZABALETA, P",DEF,7.6,101.0,122.5,37,0,0,1,0,5.57,9,0,0,0,7,2,0,0,0,0,10,62
"NOBLE, M",MID,8.0,101.0,101.0,28,1,4,0,2,3.09,6,0,3,0,5,0,0,0,0,0,0,43
"MKHITARYAN, H",MID,9.7,100.0,100.0,20,6,3,9,1,5.11,2,0,0,0,3,0,0,0,0,0,0,16
"CORK, J",MID,8.4,100.0,100.0,38,0,2,1,1,0.53,7,0,0,0,4,1,0,0,0,0,0,34
"SILVA, B",MID,9.3,100.0,100.0,15,20,6,4,0,1.07,0,0,0,0,1,0,0,0,0,0,0,9
"FRASER, R",MID,8.3,100.0,100.0,23,3,5,3,2,0.86,0,0,0,0,1,0,0,0,0,0,0,35
"CALVERT-LEWIN, D",STR,9.2,99.0,99.0,18,14,4,8,1,0.83,4,0,0,0,1,0,1,0,0,0,0,0
"MATA, J",MID,9.0,99.0,99.0,23,5,3,5,1,1.14,1,0,3,1,0,0,1,0,0,0,0,10
"ALBRIGHTON, M",MID,8.4,99.0,99.0,30,4,2,8,1,0.87,5,1,0,0,1,0,0,0,0,0,0,38
"GAYLE, D",STR,9.5,98.0,98.0,23,12,6,3,0,0.54,3,0,0,0,1,0,1,0,0,0,0,0
"KNOCKAERT, A",MID,8.4,98.0,98.0,27,6,3,1,4,0.96,4,1,0,0,2,0,0,0,0,0,0,28
"DUNK, L",DEF,7.9,97.0,117.5,38,0,1,1,0,1.46,7,0,0,0,1,0,0,0,0,0,10,54
"MEE, B",DEF,7.7,96.0,96.25,29,0,0,0,1,3.71,5,0,0,0,0,0,0,0,0,0,9,27
"LOWTON, M",DEF,7.8,96.0,98.5,25,1,0,3,0,1.16,1,0,0,0,3,0,0,0,0,0,8,26
"MOSES, V",DEF,9.1,96.0,94.5,25,3,3,5,1,0.41,3,0,0,0,4,0,0,0,0,0,0,18
"IBE, J",MID,8.2,95.0,95.0,22,10,2,6,2,0.99,1,0,0,0,1,0,0,0,0,0,0,32
"YEDLIN, D",DEF,7.7,94.0,98.75,31,3,0,2,1,0.94,5,0,0,0,1,0,0,0,0,0,7,37
"SOARES, C",DEF,8.0,94.0,103.0,32,0,0,3,0,0.99,3,0,0,0,3,1,0,0,0,0,7,44
"KOUYATE, C",MID,8.1,94.0,94.0,32,1,2,3,0,1.95,5,0,0,0,5,1,0,0,0,0,0,52
"HERNANDEZ, J",STR,9.6,94.0,94.0,16,12,8,2,1,1.37,3,0,0,0,0,0,1,0,0,0,0,0
"AUBAMEYANG, P",STR,12.5,93.0,96.0,12,1,10,4,1,14.57,0,0,0,0,0,0,2,0,0,0,0,0
"PEREYRA, R",MID,7.8,93.0,93.0,18,14,5,3,1,2.4,3,0,0,0,0,0,1,0,0,0,0,31
"OKAZAKI, S",STR,9.1,92.0,92.0,17,10,6,2,1,0.61,2,0,0,0,3,0,0,1,0,0,0,0
"CHRISTENSEN, A",DEF,8.3,92.0,95.25,23,4,0,0,0,2.09,0,0,2,4,0,0,0,0,0,0,7,23
"ABRAHAM, T",STR,9.0,92.0,92.0,15,16,5,3,2,0.27,0,0,0,0,0,0,1,0,0,0,0,0
"DUFFY, S",DEF,7.5,92.0,104.0,37,0,0,2,0,1.54,8,0,0,0,0,0,0,0,0,0,9,52
"DIAME, M",MID,7.9,92.0,92.0,23,8,2,0,1,1.24,3,0,0,0,6,4,0,0,0,0,0,27
"IWOBI, A",MID,7.9,91.0,91.0,22,4,3,5,0,1.66,1,0,0,1,1,0,3,0,0,0,0,24
"PROPPER, D",MID,8.0,91.0,91.0,35,0,0,4,0,0.4,2,1,0,0,7,0,0,0,0,0,0,49
"WIJNALDUM, G",MID,9.0,90.0,90.0,27,6,1,2,1,0.61,1,0,2,2,2,0,0,0,0,0,0,21
"VAN LA PARRA, R",MID,8.2,90.0,90.0,26,7,3,0,2,0.22,3,1,0,0,2,1,1,0,0,0,0,34
"GUNDOGAN, I",MID,9.0,90.0,90.0,15,15,4,2,0,0.66,3,0,2,4,0,0,1,0,0,0,0,14
"GRAY, D",MID,8.1,89.0,89.0,17,18,3,3,2,3.11,2,0,0,0,1,0,0,0,0,0,0,32
"SHELVEY, J",MID,9.0,89.0,89.0,25,5,1,3,4,3.6,2,2,1,1,1,0,0,0,0,0,0,27
"SIGURDSSON, G",MID,9.1,88.0,88.0,25,2,4,3,0,3.38,2,0,0,0,1,1,0,0,0,0,0,35
"YOSHIDA, M",DEF,7.7,88.0,95.25,23,1,2,1,1,0.8,2,1,2,1,1,0,0,0,0,0,6,31
"NIASSE, O",STR,8.6,87.0,87.0,10,12,8,3,1,1.29,2,0,0,0,0,0,0,1,0,0,0,0
"WARD-PROWSE, J",MID,8.3,87.0,87.0,20,10,3,4,2,0.96,3,0,0,0,0,0,0,0,0,0,0,27
"DEPOITRE, L",STR,8.8,86.0,86.0,18,15,6,2,0,0.4,1,0,0,0,0,0,0,0,0,0,0,0
"AURIER, S",DEF,8.2,86.0,85.0,16,1,2,2,0,0.71,1,1,0,0,3,1,0,0,0,0,6,12
BRUNO,DEF,7.3,84.0,88.25,23,2,0,0,0,1.01,3,0,1,0,1,0,0,0,0,0,9,23
"HOGG, J",MID,7.9,84.0,84.0,29,1,0,0,0,0.23,8,1,2,2,10,2,0,0,0,0,0,39
"FORSTER, F",GK,6.3,82.0,83.5,20,0,0,0,1,1.13,0,0,0,0,0,0,0,0,6,2,4,30
"FRANCIS, S",DEF,7.4,82.0,91.5,31,1,0,1,2,0.84,8,1,2,2,4,0,0,0,0,0,4,46
"SURMAN, A",MID,7.8,82.0,82.0,20,5,2,5,0,0.58,2,0,3,2,0,0,0,0,0,0,0,27
"DEENEY, T",STR,8.8,82.0,88.0,20,9,5,2,2,1.76,1,1,0,0,0,0,1,0,0,0,0,0
"LEMINA, M",MID,8.0,81.0,81.0,20,5,1,1,1,0.91,2,0,4,0,8,0,0,0,0,0,0,30
"BAINES, L",DEF,7.9,81.0,89.5,22,0,2,3,1,2.77,1,0,0,0,1,0,0,0,0,0,5,34
"BENTEKE, C",STR,10.0,81.0,84.0,24,7,3,6,0,0.74,6,0,0,0,1,0,0,0,0,0,0,0
"MIGNOLET, S",GK,6.7,81.0,82.0,19,0,0,0,0,0.16,3,0,0,0,0,0,0,0,2,0,7,24
"STANISLAS, J",MID,8.1,81.0,81.0,17,2,5,3,1,0.49,1,0,0,0,1,0,0,0,0,0,0,20
"HOEDT, W",DEF,7.4,81.0,89.5,28,0,0,1,1,0.6,7,0,0,1,6,1,0,0,0,0,5,42
"COOK, S",DEF,7.5,80.0,93.0,31,3,2,1,0,0.67,5,0,1,0,1,0,0,0,0,0,5,52
"WELBECK, D",STR,10.1,80.0,80.0,12,16,5,2,2,0.38,1,0,0,0,0,0,0,0,0,0,0,0
"HENDRICK, J",MID,7.9,80.0,80.0,29,5,2,2,0,0.55,1,0,0,0,0,0,0,0,0,0,0,24
"KABASELE, C",DEF,7.5,80.0,94.25,27,1,2,0,0,0.39,5,0,0,1,4,0,0,0,0,0,6,43
"AUSTIN, C",STR,9.4,80.0,80.0,10,14,7,1,1,1.08,2,0,0,0,0,0,1,1,0,0,0,0
"GRAY, A",STR,8.2,79.0,79.0,16,15,5,2,0,1.75,1,0,0,0,0,0,1,0,0,0,0,0
PEDRO,MID,9.0,79.0,79.0,17,14,4,2,0,0.79,1,0,0,0,0,0,1,0,0,0,0,13
"GIROUD, O",STR,11.3,79.0,79.0,7,22,7,1,1,0.93,0,0,0,0,0,0,0,0,0,0,0,0
"KEANE, M",DEF,7.6,79.0,91.5,29,1,0,1,1,7.16,3,0,0,0,2,0,0,0,0,0,7,46
"SAKHO, M",DEF,8.1,78.0,83.25,18,1,1,2,2,0.86,1,0,0,0,0,0,0,0,0,0,6,23
"BAKAYOKO, T",MID,8.0,78.0,78.0,24,5,2,2,0,0.75,3,1,0,0,5,1,0,0,0,0,0,18
"EVANS, J",DEF,7.3,78.0,88.25,26,2,2,2,0,3.82,7,0,0,0,3,0,0,0,0,0,5,39
"OGBONNA, A",DEF,7.2,77.0,97.0,32,0,1,0,1,1.13,3,0,1,0,1,0,0,0,0,0,7,60
ADRIAN,GK,6.3,77.0,85.75,19,0,0,0,0,0.53,2,0,0,0,0,0,0,0,3,3,6,29
"WALCOTT, T",MID,8.9,76.0,76.0,13,7,3,3,2,3.65,2,0,0,0,3,0,1,0,0,0,0,17
"SUNG-YEUNG, K",MID,7.4,76.0,76.0,21,4,2,2,2,1.47,2,0,0,0,2,0,0,0,0,0,0,29
"LOFTUS-CHEEK, R",MID,8.8,76.0,76.0,21,3,2,5,1,1.92,1,0,0,0,0,0,0,0,0,0,0,28
"MASUAKU, A",DEF,7.1,75.0,81.75,21,6,0,3,0,1.7,5,0,0,0,2,1,0,0,0,0,6,29
"CLEVERLEY, T",MID,7.8,75.0,78.0,22,1,1,2,2,0.5,1,1,0,3,3,0,0,0,0,0,0,25
"ANTONIO, M",MID,7.9,74.0,74.0,16,5,3,2,2,2.61,1,0,0,0,0,0,2,0,0,0,0,22
"DAVIS, S",MID,7.8,74.0,74.0,17,6,3,1,0,0.42,0,0,3,1,2,0,0,0,0,0,0,22
"MARCH, S",MID,7.7,73.0,73.0,18,18,1,3,0,0.25,3,0,0,0,2,1,0,0,0,0,0,28
"LEJEUNE, F",DEF,7.0,73.0,79.0,24,0,0,2,0,1.62,3,0,3,1,1,0,0,0,0,0,5,32
"REDMOND, N",MID,7.3,72.0,72.0,22,9,1,3,1,4.93,3,0,0,0,1,0,0,0,0,0,0,29
"DAVIES, T",MID,7.6,72.0,72.0,20,13,2,2,0,1.3,7,0,0,0,4,0,0,0,0,0,0,22
"HART, J",GK,6.4,71.0,80.25,19,0,0,1,2,0.14,0,0,0,0,0,0,0,0,4,1,4,39
"DEMBELE, M",MID,8.9,71.0,71.0,21,7,0,0,0,1.21,6,0,4,4,4,0,0,0,0,0,0,22
JOSELU,STR,8.5,71.0,74.0,19,11,4,1,0,0.4,2,0,0,0,0,0,2,0,0,0,0,0
"HOLEBAS, J",DEF,7.2,70.0,84.25,26,2,0,4,0,0.64,7,0,0,0,2,1,0,0,0,0,6,47
"ATSU, C",MID,7.7,69.0,69.0,19,9,2,2,1,0.34,1,0,0,0,0,0,0,0,0,0,0,20
"JANMAAT, D",DEF,7.1,69.0,77.75,21,2,3,1,0,1.1,3,0,0,0,6,0,0,0,0,0,2,37
"LOWE, C",DEF,7.1,69.0,75.5,19,4,0,0,0,0.23,1,0,0,0,4,1,0,0,0,0,6,26
"HUGHES, W",MID,7.5,68.0,68.0,11,4,2,3,3,0.92,0,0,0,0,3,0,0,0,0,0,0,16
"BONG, G",DEF,7.2,67.0,77.0,25,0,0,0,0,0.29,2,0,0,0,1,2,0,0,0,0,6,36
"MORENO, A",DEF,7.9,67.0,73.25,14,2,0,0,0,0.5,1,0,2,1,3,2,0,0,0,0,6,19
"GABBIADINI, M",STR,9.5,67.0,67.0,11,17,5,0,1,0.32,2,0,0,0,0,0,0,0,0,0,0,0
"ZAPPACOSTA, D",DEF,7.8,67.0,69.25,12,10,1,1,0,0.7,0,0,0,0,1,0,1,0,0,0,5,15
"LENNON, A",MID,7.4,67.0,67.0,22,7,0,4,0,1.36,2,0,0,0,3,0,0,0,0,0,0,30
"GOMES, H",GK,6.3,67.0,79.0,24,0,0,0,0,0.29,0,0,0,0,0,0,0,0,3,0,5,40
"CHILWELL, B",DEF,7.6,67.0,74.5,20,4,0,2,0,0.49,1,1,0,0,3,0,0,0,0,0,6,30
"FEMENIA, K",DEF,7.4,67.0,77.5,19,4,1,1,1,0.24,2,0,0,0,3,0,0,0,0,0,5,34
"ALDERWEIRELD, T",DEF,9.8,66.0,67.75,13,1,0,0,0,0.8,3,0,4,4,1,0,0,0,0,0,5,13
"OBIANG, P",MID,7.6,66.0,66.0,18,3,2,0,1,0.31,3,0,0,1,2,2,0,0,0,0,0,26
"VOKES, S",STR,8.1,65.0,65.0,7,23,4,2,1,1.72,3,0,0,0,0,0,0,0,0,0,0,0
"ALEXANDER-ARNOLD, T",DEF,8.4,65.0,63.5,18,1,1,1,1,6.39,3,0,3,1,4,0,0,0,0,0,0,10
"HERRERA, A",MID,8.8,65.0,65.0,13,13,0,2,0,0.45,5,0,3,3,5,0,0,0,0,0,0,13
"IBORRA, V",MID,7.5,65.0,65.0,17,2,3,0,1,0.37,0,0,0,0,3,0,0,0,0,0,0,22
"SMITH, A",DEF,7.2,64.0,71.5,22,5,1,3,0,0.45,6,0,0,0,6,0,0,0,0,0,2,38
"DEFOUR, S",MID,7.6,64.0,64.0,24,0,1,1,1,0.38,6,0,2,0,2,0,0,0,0,0,0,14
"DEFOE, J",STR,8.3,64.0,64.0,11,13,4,1,1,1.55,1,0,0,0,0,0,1,0,0,0,0,0
"MARTINA, C",DEF,7.4,63.0,70.5,20,1,0,2,0,0.23,2,0,0,0,4,0,0,0,0,0,5,30
"BAILLY, E",DEF,8.7,63.0,65.5,11,2,1,0,0,1.98,2,0,0,1,0,0,0,0,0,0,7,6
"GOSLING, D",MID,7.5,63.0,63.0,21,7,2,1,1,0.33,8,0,0,0,1,0,0,0,0,0,0,36
"KENNY, J",DEF,7.2,62.0,72.25,17,2,0,2,1,0.33,2,0,0,0,2,2,0,0,0,0,5,31
"LAPORTE, A",DEF,8.8,62.0,60.75,9,0,0,0,0,0.99,1,0,2,7,0,0,0,0,0,0,4,5
"LINDELOF, V",DEF,8.2,62.0,62.5,13,4,0,0,0,0.41,1,0,3,2,0,0,0,0,0,0,5,14
"MARIAPPA, A",DEF,7.0,62.0,74.25,24,4,0,0,0,0.87,4,0,0,0,2,1,0,0,0,0,6,43
"JAGIELKA, P",DEF,7.3,61.0,73.25,23,2,0,0,1,1.0,2,0,0,0,1,0,0,0,0,0,6,39
"MORGAN, W",DEF,7.3,61.0,74.0,32,0,0,0,0,0.73,4,0,0,0,1,0,0,0,0,0,5,52
"COOK, L",MID,7.4,61.0,61.0,25,4,0,2,0,1.17,5,0,0,0,3,0,0,0,0,0,0,39
"SCHLUPP, J",DEF,7.3,61.0,66.5,21,3,0,2,0,0.42,3,0,0,0,4,1,0,0,0,0,3,30
"SMITH, T",DEF,6.9,61.0,68.25,21,3,0,1,1,0.65,7,0,0,0,1,1,0,0,0,0,5,31
"SIMPSON, D",DEF,7.2,60.0,67.75,27,1,0,0,0,0.62,4,0,0,0,1,0,0,0,0,0,5,41
"STEPHENS, J",DEF,6.9,60.0,67.75,22,0,2,0,0,1.26,6,1,0,0,1,0,0,0,0,0,5,33
"LONG, S",STR,8.0,60.0,60.0,15,15,2,2,0,1.01,6,0,0,0,1,1,0,0,0,0,0,0
"DUMMETT, P",DEF,6.8,60.0,60.5,19,1,0,0,0,1.4,1,0,0,0,1,0,0,0,0,0,5,18
"CLARK, C",DEF,6.7,59.0,65.5,19,1,2,1,0,1.3,3,0,0,0,0,0,0,0,0,0,4,30
"SISSOKO, M",MID,8.7,59.0,59.0,15,18,1,1,0,0.19,3,0,1,1,0,0,0,0,0,0,0,17
"SCHNEIDERLIN, M",MID,7.3,59.0,59.0,24,6,0,0,0,1.11,4,1,1,0,5,0,0,0,0,0,0,34
"IHEANACHO, K",STR,8.0,59.0,59.0,7,14,3,3,1,2.11,2,0,0,0,0,0,2,0,0,0,0,0
"TOSUN, C",STR,10.2,58.0,58.0,12,2,5,0,1,2.09,0,0,0,0,0,0,1,0,0,0,0,0
"DUBRAVKA, M",GK,6.6,58.0,53.25,12,0,0,0,0,1.76,0,0,0,0,0,0,0,0,2,0,4,11
"ELLIOT, R",GK,6.1,57.0,49.75,16,0,0,0,0,0.14,0,0,0,0,0,0,0,0,1,0,3,21
"KING, A",MID,7.2,57.0,57.0,14,8,3,1,0,0.2,2,0,0,0,1,0,0,0,0,0,0,25
"MCCARTHY, A",GK,6.6,57.0,62.5,18,0,0,0,1,0.45,2,0,0,0,0,0,0,0,1,0,4,26
"HOJBJERG, P",MID,7.1,57.0,57.0,19,4,0,0,1,0.65,6,0,2,2,3,0,0,0,0,0,0,27
"FUCHS, C",DEF,7.3,56.0,67.25,21,4,0,1,0,0.55,1,0,0,0,4,0,0,0,0,0,4,35
"LAMELA, E",MID,8.9,56.0,56.0,7,18,2,4,0,0.56,4,0,0,0,2,0,0,0,0,0,0,11
"LONG, K",DEF,7.1,55.0,60.75,16,0,1,2,0,0.36,1,0,0,0,1,0,0,0,0,0,4,21
"SHAW, L",DEF,7.8,55.0,55.5,8,3,0,0,0,1.85,2,0,0,0,2,0,0,0,0,0,7,2
"WILLIAMS, A",DEF,7.0,55.0,62.25,20,4,1,0,1,1.81,3,1,0,0,0,0,0,0,0,0,4,31
"HADERGJONAJ, F",DEF,6.8,54.0,61.0,19,4,0,1,0,0.27,3,0,0,0,3,0,0,0,0,0,4,28
"FOSU-MENSAH, T",DEF,7.3,54.0,59.75,17,4,0,0,2,0.15,2,0,0,0,4,1,0,0,0,0,2,29
"FELLAINI, M",MID,8.7,53.0,53.0,5,11,4,0,1,0.91,1,0,1,0,1,0,0,0,0,0,0,1
"KACHUNGA, E",STR,8.0,52.0,52.0,17,2,1,1,0,0.22,1,0,0,0,3,1,0,0,0,0,0,0
KENEDY,MID,7.8,52.0,52.0,13,0,2,2,1,5.55,1,0,0,0,2,0,0,0,0,0,0,9
"SOBHI, R",MID,6.5,52.0,52.0,12,12,2,0,0,1.68,2,0,0,0,3,0,0,0,0,0,0,30
"MALONE, S",DEF,6.9,52.0,55.25,12,10,0,1,0,0.25,3,0,1,0,5,0,0,0,0,0,3,23
"BRADY, R",MID,7.3,51.0,51.0,15,0,1,3,1,0.82,3,0,0,0,2,0,0,0,0,0,0,10
"MANQUILLO, J",DEF,6.7,50.0,56.25,20,1,0,1,0,0.69,2,0,0,0,1,0,0,0,0,0,4,31
"QUANER, C",STR,7.8,50.0,50.0,13,13,0,4,0,0.28,4,0,0,0,0,1,0,0,0,0,0,0
"MURPHY, J",MID,7.2,50.0,50.0,13,12,1,2,0,0.31,0,0,0,0,0,0,0,0,0,0,0,24
"MURPHY, J",MID,7.2,50.0,0.0,0,0,0,0,0,0.42,0,0,0,0,0,0,0,0,0,0,0,0
"MURPHY, J",MID,7.0,0.0,50.0,13,12,1,2,0,0.31,0,0,0,0,0,0,0,0,0,0,0,24
"MURPHY, J",MID,7.0,0.0,0.0,0,0,0,0,0,0.42,0,0,0,0,0,0,0,0,0,0,0,0
"CAPOUE, E",MID,7.1,49.0,49.0,18,5,1,0,0,1.18,3,0,0,0,1,1,0,0,0,0,0,27
"RICE, D",DEF,6.6,48.0,41.25,15,11,0,0,0,0.66,1,0,1,0,3,0,0,0,0,0,0,27
"WARD, J",DEF,6.9,47.0,53.75,19,0,0,1,0,0.66,4,0,0,0,0,1,0,0,0,0,4,25
"HEMED, T",STR,7.8,46.0,46.0,9,7,2,2,1,0.15,0,0,0,0,0,0,0,0,0,0,0,0
"ELNENY, M",MID,7.2,45.0,45.0,11,2,0,1,0,0.45,3,1,3,6,0,0,0,0,0,0,0,11
"COLEMAN, S",DEF,8.3,45.0,47.0,12,0,0,1,0,2.23,0,0,0,0,0,1,0,0,0,0,4,12
"WILSHERE, J",MID,8.7,45.0,45.0,12,8,1,3,0,3.88,6,0,1,0,1,0,0,0,0,0,0,15
"WANYAMA, V",MID,7.8,44.0,44.0,8,10,1,0,0,0.82,2,0,0,2,1,2,0,0,0,0,0,9
"BARDSLEY, P",DEF,6.8,43.0,43.75,13,0,0,0,0,0.55,5,0,0,0,3,0,0,0,0,0,4,13
"SAKO, B",MID,7.2,43.0,43.0,4,12,3,0,1,0.47,0,0,0,0,0,0,0,0,0,0,0,10
"REID, W",DEF,6.7,43.0,51.25,17,0,0,0,0,1.56,5,0,2,0,0,0,0,0,0,0,5,27
"PRODL, S",DEF,6.6,43.0,50.75,17,4,0,0,0,0.79,5,0,0,0,0,0,0,0,0,0,5,29
"PRITCHARD, A",MID,7.3,42.0,42.0,12,2,1,2,1,0.32,1,0,0,0,0,0,0,0,0,0,0,12
"SUTTNER, M",DEF,6.7,42.0,46.5,13,1,0,0,0,0.2,0,0,0,0,2,0,0,0,0,0,4,18
"HOLGATE, M",DEF,7.3,42.0,43.5,13,2,0,0,0,0.47,3,0,0,0,1,0,0,0,0,0,4,14
"HAYDEN, I",MID,7.1,40.0,40.0,15,11,1,0,0,0.17,7,0,0,0,0,0,0,0,0,0,0,24
"ARTER, H",MID,7.3,40.0,40.0,11,2,1,0,0,0.43,4,0,0,2,4,0,0,0,0,0,0,12
"WINKS, H",MID,7.1,40.0,40.0,9,7,0,1,0,0.79,0,0,2,2,1,0,0,0,0,0,0,8
"KELLY, M",DEF,6.7,38.0,44.75,12,3,0,0,0,0.43,1,0,0,0,2,0,0,0,0,0,4,21
"CARROLL, A",STR,8.3,38.0,38.0,7,9,3,1,1,0.52,5,1,0,0,0,0,0,0,0,0,0,0
"STURRIDGE, D",STR,9.6,37.0,37.0,7,8,2,1,0,0.38,0,0,0,0,0,0,1,0,0,0,0,0
"MOUSSET, L",STR,7.8,36.0,36.0,4,19,2,0,0,0.27,1,0,0,0,0,0,0,0,0,0,0,0
"SPERONI, J",GK,5.7,36.0,37.5,11,0,0,0,0,0.26,0,0,0,0,0,0,0,0,1,1,2,14
"BOLASIE, Y",MID,7.9,36.0,36.0,11,5,1,1,0,0.7,0,0,0,0,0,0,0,0,0,0,0,14
"KONGOLO, T",DEF,6.1,36.0,37.5,11,2,0,0,0,3.18,0,0,0,0,2,1,0,0,0,0,2,14
"LUIZ, D",DEF,8.8,35.0,38.75,9,1,1,0,0,0.71,3,1,1,0,1,1,0,0,0,0,3,13
"WESTWOOD, A",MID,6.9,34.0,34.0,12,7,0,1,0,0.62,2,0,0,0,1,0,0,0,0,0,0,16
"SOLANKE, D",STR,9.0,34.0,34.0,5,16,1,1,0,0.22,0,0,0,0,0,0,0,0,0,0,0,0
"PUGH, M",MID,7.0,34.0,34.0,11,9,0,0,1,0.47,2,0,0,0,0,0,0,0,0,0,0,17
"WILLIAMS, D",MID,6.9,33.0,33.0,11,9,0,0,0,0.23,2,0,0,0,2,0,0,0,0,0,0,21
"DARMIAN, M",DEF,7.1,32.0,32.25,5,3,0,0,0,0.26,0,0,0,0,1,1,0,0,0,0,3,3
"ZEEGELAAR, M",DEF,6.5,32.0,35.75,12,0,0,2,1,0.74,4,1,0,0,1,0,0,0,0,0,2,17
"MAITLAND-NILES, A",MID,6.9,32.0,32.0,8,6,0,0,1,0.67,1,0,1,0,2,0,0,0,0,0,0,15
"CHAMBERS, C",DEF,6.8,31.0,33.5,10,2,0,0,0,0.87,1,0,0,2,0,0,0,0,0,0,2,14
"HOLDING, R",DEF,7.0,31.0,36.75,9,3,0,0,0,0.35,3,0,0,2,1,0,0,0,0,0,3,17
"ZINCHENKO, O",MID,6.9,31.0,31.0,6,1,0,0,0,0.52,1,0,1,5,1,0,0,0,0,0,0,3
"BATSHUAYI, M",STR,10.2,31.0,33.0,3,9,2,1,1,0.41,0,0,0,0,0,0,0,0,0,0,0,0
"DEULOFEU, G",MID,7.7,31.0,31.0,5,2,1,1,2,5.07,0,0,0,0,0,0,0,0,0,0,0,3
"SLIMANI, I",STR,8.7,31.0,31.0,3,13,1,1,1,0.14,1,0,0,0,0,0,0,0,0,0,0,0
"DRINKWATER, D",MID,8.5,30.0,30.0,5,7,1,0,0,0.28,0,0,0,1,2,0,0,0,0,0,0,5
"DANN, S",DEF,6.5,30.0,34.5,16,1,1,0,0,2.27,4,0,0,0,0,0,0,0,0,0,1,26
"BRITOS, M",DEF,6.4,29.0,35.0,10,2,1,0,0,0.62,3,1,1,0,2,0,0,0,0,0,2,16
"DARLOW, K",GK,5.8,29.0,34.25,10,0,0,0,0,0.17,0,0,0,0,0,0,0,0,2,0,2,15
"ROJO, M",DEF,7.3,29.0,29.0,8,1,0,0,0,0.87,6,0,0,1,1,0,0,0,0,0,3,8
"MANGALA, E",DEF,7.4,28.0,30.25,6,5,0,0,0,0.14,0,0,1,1,0,0,0,0,0,0,2,7
"SILVA, A",MID,7.8,27.0,27.0,9,3,0,1,0,0.21,3,0,0,0,3,0,0,0,0,0,0,18
"WAN-BISSAKA, A",DEF,6.6,27.0,29.5,7,0,0,0,0,0.56,1,0,0,0,3,1,0,0,0,0,2,10
"KAYAL, B",MID,6.9,27.0,27.0,8,11,0,0,0,0.25,2,0,0,0,1,0,0,0,0,0,0,14
"OSPINA, D",GK,6.6,27.0,27.25,4,1,0,0,1,0.15,0,0,0,0,0,0,0,0,0,0,2,3
"TAYLOR, C",DEF,6.6,26.0,27.0,10,1,0,0,0,0.49,3,0,0,0,1,0,0,0,0,0,2,12
"BILLING, P",MID,6.8,25.0,25.0,8,8,0,0,0,0.18,3,0,0,0,2,0,0,0,0,0,0,10
"FERNANDES, E",MID,6.8,25.0,25.0,9,5,0,1,0,0.36,1,0,0,0,0,0,0,0,0,0,0,18
"BEDNAREK, J",DEF,6.5,24.0,24.75,5,0,1,0,0,0.73,1,0,0,0,0,0,0,0,0,0,2,5
"RIEDEWALD, J",DEF,6.4,24.0,24.5,4,8,0,0,0,0.49,0,0,0,0,0,0,0,0,0,0,2,6
"OKAKA, S",STR,7.8,24.0,24.0,3,12,1,1,0,0.24,2,0,0,0,0,0,0,0,0,0,0,0
"JAMES, M",MID,6.9,24.0,24.0,11,2,0,0,0,0.18,2,0,0,0,1,0,0,0,0,0,0,15
"MCTOMINAY, S",MID,6.8,23.0,23.0,7,6,0,0,0,1.12,2,0,0,1,1,0,0,0,0,0,0,3
"ROSE, D",DEF,9.2,23.0,26.5,9,1,0,1,0,0.65,4,0,0,0,1,0,0,0,0,0,2,14
"MENDY, B",DEF,9.6,22.0,21.75,4,3,0,1,0,0.9,2,0,0,0,0,0,0,0,0,0,2,1
"ULLOA, L",STR,7.6,21.0,21.0,2,12,1,0,0,0.17,0,0,0,0,0,0,0,0,0,0,0,0
"LLORENTE, F",STR,9.2,21.0,21.0,1,15,1,0,0,0.24,1,0,0,0,0,0,0,0,0,0,0,0
"DIABATE, F",STR,7.4,21.0,21.0,5,9,0,1,0,0.51,1,0,0,0,0,0,0,0,0,0,0,0
"SCHELOTTO, E",DEF,6.5,21.0,27.5,15,5,0,0,0,0.43,3,0,0,0,0,1,0,0,0,0,0,30
"VLASIC, N",STR,7.7,19.0,19.0,7,5,0,0,0,0.27,0,0,0,0,0,0,0,0,0,0,0,0
"INGS, D",STR,7.7,19.0,19.0,3,5,1,1,0,0.67,0,0,0,0,0,0,0,0,0,0,0,0
"WALKER-PETERS, K",DEF,6.4,18.0,20.0,2,1,0,2,1,0.58,0,0,0,0,0,0,0,0,0,0,1,4
"CHALOBAH, N",MID,7.6,17.0,17.0,5,1,0,0,1,0.28,1,0,0,0,1,0,0,0,0,0,0,7
"LOCADIA, J",STR,7.5,17.0,17.0,3,3,1,1,0,0.55,0,0,0,0,0,0,0,0,0,0,0,0
"CATHCART, C",DEF,6.4,15.0,14.5,5,2,0,0,0,0.28,1,0,0,0,0,0,0,0,0,0,1,6
"PALMIERI, E",DEF,6.5,14.0,15.0,3,2,0,1,0,0.7,0,0,0,0,0,0,0,0,0,0,1,4
"GAZZANIGA, P",GK,5.8,14.0,14.0,1,0,0,0,1,0.09,0,0,0,0,0,0,0,0,0,0,1,0
"LALLANA, A",MID,9.6,12.0,12.0,1,11,0,0,0,0.45,1,0,0,0,0,0,0,0,0,0,0,0
"BRAVO, C",GK,6.9,12.0,11.75,2,1,0,0,0,0.15,0,0,0,0,0,0,0,0,0,0,1,1
"PUNCHEON, J",MID,6.5,11.0,11.0,6,4,0,0,0,1.6,5,0,0,0,0,0,0,0,0,0,0,14
"MCCARTHY, J",MID,6.5,11.0,11.0,3,1,0,0,0,0.96,0,0,0,0,2,0,0,0,0,0,0,6
"AMARTEY, D",MID,6.5,11.0,11.0,6,2,0,0,0,0.37,0,1,0,0,0,0,0,0,0,0,0,7
"CABALLERO, W",GK,6.6,11.0,12.0,3,0,0,0,0,0.08,0,0,0,0,0,0,0,0,0,0,1,4
"MITROVIC, A",STR,9.1,11.0,11.0,0,6,1,0,0,2.73,0,0,0,0,0,0,0,0,0,0,0,0
"RAMIREZ, S",STR,7.6,11.0,11.0,3,5,0,0,0,0.38,0,0,0,0,0,0,0,0,0,0,0,0
"N'KOUDOU, G",MID,6.4,10.0,10.0,2,7,0,0,0,0.21,1,0,0,0,0,0,0,0,0,0,0,2
"HAMER, B",GK,5.9,9.0,12.25,3,1,0,0,0,0.06,0,0,0,0,0,0,0,0,0,0,1,7
"ROMERO, S",GK,7.0,9.0,9.0,1,0,0,0,0,0.08,0,0,0,0,0,0,0,0,0,0,1,0
"CLYNE, N",DEF,8.3,9.0,8.75,2,1,0,0,0,0.45,1,0,0,0,0,0,0,0,0,0,1,1
"SABIRI, A",MID,6.4,9.0,9.0,2,3,0,1,0,0.22,1,0,0,0,0,0,0,0,0,0,0,5
"WELLS, N",STR,7.4,9.0,9.0,0,9,0,0,0,0.23,0,0,0,0,0,0,0,0,0,0,0,0
"BANINGIME, B",MID,5.6,8.0,8.0,1,7,0,0,0,0.51,1,0,0,0,0,0,0,0,0,0,0,2
"MCQUEEN, S",MID,6.3,8.0,8.0,1,6,0,0,0,0.3,0,0,0,0,0,0,0,0,0,0,0,0
"LOOKMAN, A",STR,7.2,8.0,8.0,1,6,0,0,0,1.28,0,0,0,0,0,0,0,0,0,0,0,0
"SORLOTH, A",STR,7.5,8.0,8.0,4,0,0,0,0,0.19,0,0,0,0,0,0,0,0,0,0,0,0
"FODEN, P",MID,6.3,8.0,8.0,0,5,0,1,0,0.9,0,0,0,0,0,0,0,0,0,0,0,0
"HEATON, T",GK,6.8,7.0,7.0,4,0,0,0,0,0.81,0,0,0,0,0,0,0,0,0,0,0,4
"SIMS, J",MID,6.3,7.0,7.0,1,5,0,0,0,0.22,0,0,0,0,0,0,0,0,0,0,0,2
"KABOUL, Y",DEF,6.4,7.0,8.25,2,0,0,0,0,0.51,0,0,0,0,0,0,0,0,0,0,1,3
"MIRALLAS, K",MID,7.0,6.0,6.0,2,3,0,0,0,0.85,1,0,0,0,0,0,0,0,0,0,0,5
"MAVROPANOS, K",DEF,5.9,5.0,4.75,1,0,0,1,0,0.91,0,0,0,0,0,0,0,0,0,0,0,1
"DIAZ, B",MID,6.1,5.0,5.0,0,5,0,0,0,0.24,0,0,0,0,0,0,0,0,0,0,0,1
"MINGS, T",DEF,6.0,4.0,4.75,3,1,0,0,0,1.9,1,0,0,0,0,0,0,0,0,0,0,5
"BARKLEY, R",MID,8.8,4.0,4.0,2,0,0,0,0,0.37,0,0,0,0,0,0,0,0,0,0,0,4
"BYRAM, S",DEF,6.3,4.0,6.25,2,3,0,0,0,0.47,1,0,0,0,1,0,0,0,0,0,0,7
"WALTERS, J",STR,7.1,3.0,3.0,0,3,0,0,0,0.34,0,0,0,0,0,0,0,0,0,0,0,0
"BENALOUANE, Y",DEF,5.8,3.0,3.5,1,0,0,0,0,0.65,0,0,0,0,1,0,0,0,0,0,0,2
"GRUJIC, M",MID,6.7,3.0,3.0,0,3,0,0,0,0.43,0,0,0,0,0,0,0,0,0,0,0,0
"HUGILL, J",STR,7.1,3.0,3.0,0,3,0,0,0,0.14,0,0,0,0,0,0,0,0,0,0,0,0
"TARGETT, M",DEF,6.6,2.0,4.5,2,0,0,0,0,0.27,0,0,0,0,1,0,0,0,0,0,0,6
"BESIC, M",MID,5.7,2.0,2.0,0,2,0,0,0,1.38,0,0,0,0,0,0,0,0,0,0,0,0
"VORM, M",GK,6.7,2.0,1.75,1,0,0,0,0,0.09,0,0,0,0,0,0,0,0,0,0,0,1
"JAKUPOVIC, E",GK,6.0,2.0,4.5,2,0,0,0,0,0.07,0,0,0,0,0,0,0,0,1,0,0,6
"WOODBURN, B",STR,6.8,1.0,1.0,0,1,0,0,0,0.42,0,0,0,0,0,0,0,0,0,0,0,0
"JANSSEN, V",STR,7.7,1.0,1.0,0,1,0,0,0,0.15,0,0,0,0,0,0,0,0,0,0,0,0
"ORIGI, D",STR,8.8,1.0,1.0,0,1,0,0,0,0.11,0,0,0,0,0,0,0,0,0,0,0,0
"SOUARE, P",DEF,6.4,1.0,1.0,0,1,0,0,0,0.3,0,0,0,0,0,0,0,0,0,0,0,0
"HEFELE, M",DEF,6.0,1.0,0.75,0,2,0,0,0,0.23,1,0,0,0,0,0,0,0,0,0,0,1
"NORMANN, M",MID,5.1,0.0,0.0,0,0,0,0,0,0.4,0,0,0,0,0,0,0,0,0,0,0,0
"WILLIAMS, J",MID,5.3,0.0,0.0,0,0,0,0,0,0.52,0,0,0,0,0,0,0,0,0,0,0,0
"MENDY, N",MID,5.3,0.0,0.0,0,0,0,0,0,0.73,0,0,0,0,0,0,0,0,0,0,0,0
"AHANNACH, S",MID,5.0,0.0,0.0,0,0,0,0,0,1.16,0,0,0,0,0,0,0,0,0,0,0,0
"SMITH, B",DEF,5.7,0.0,0.0,0,0,0,0,0,0.54,0,0,0,0,0,0,0,0,0,0,0,0
"PATERSON, C",DEF,5.2,0.0,0.0,0,0,0,0,0,2.35,0,0,0,0,0,0,0,0,0,0,0,0
"SNODGRASS, R",MID,7.1,0.0,0.0,0,0,0,0,0,0.97,0,0,0,0,0,0,0,0,0,0,0,0
"DOHERTY, M",DEF,6.5,0.0,0.0,0,0,0,0,0,1.33,0,0,0,0,0,0,0,0,0,0,0,0
"EBANKS-LANDELL, E",DEF,4.2,0.0,0.0,0,0,0,0,0,5.73,0,0,0,0,0,0,0,0,0,0,0,0
"IORFA, D",DEF,5.1,0.0,0.0,0,0,0,0,0,0.76,0,0,0,0,0,0,0,0,0,0,0,0
"BATTH, D",DEF,5.2,0.0,0.0,0,0,0,0,0,0.98,0,0,0,0,0,0,0,0,0,0,0,0
"REAM, T",DEF,6.5,0.0,0.0,0,0,0,0,0,0.87,0,0,0,0,0,0,0,0,0,0,0,0
"MOURA, L",MID,9.0,0.0,0.0,0,0,0,0,0,1.9,0,0,0,0,0,0,0,0,0,0,0,0
"ODOI, D",DEF,6.2,0.0,0.0,0,0,0,0,0,0.71,0,0,0,0,0,0,0,0,0,0,0,0
"HOILETT, J",MID,7.4,0.0,0.0,0,0,0,0,0,0.84,0,0,0,0,0,0,0,0,0,0,0,0
"PILKINGTON, A",MID,6.2,0.0,0.0,0,0,0,0,0,0.48,0,0,0,0,0,0,0,0,0,0,0,0
"GUNNARSSON, A",MID,6.8,0.0,0.0,0,0,0,0,0,0.85,0,0,0,0,0,0,0,0,0,0,0,0
"HARRIS, K",MID,5.9,0.0,0.0,0,0,0,0,0,0.31,0,0,0,0,0,0,0,0,0,0,0,0
"RALLS, J",MID,7.1,0.0,0.0,0,0,0,0,0,0.31,0,0,0,0,0,0,0,0,0,0,0,0
FABINHO,MID,9.1,0.0,0.0,0,0,0,0,0,3.38,0,0,0,0,0,0,0,0,0,0,0,0
FRED,MID,8.9,0.0,0.0,0,0,0,0,0,4.34,0,0,0,0,0,0,0,0,0,0,0,0
"NEVES, R",MID,8.5,0.0,0.0,0,0,0,0,0,8.92,0,0,0,0,0,0,0,0,0,0,0,0
"JOHANSEN, S",MID,7.3,0.0,0.0,0,0,0,0,0,0.31,0,0,0,0,0,0,0,0,0,0,0,0
"SAISS, R",MID,7.9,0.0,0.0,0,0,0,0,0,0.15,0,0,0,0,0,0,0,0,0,0,0,0
"MCDONALD, K",MID,7.0,0.0,0.0,0,0,0,0,0,0.24,0,0,0,0,0,0,0,0,0,0,0,0
"KEBANO, N",MID,6.3,0.0,0.0,0,0,0,0,0,0.24,0,0,0,0,0,0,0,0,0,0,0,0
"SESSEGNON, R",MID,8.4,0.0,0.0,0,0,0,0,0,11.18,0,0,0,0,0,0,0,0,0,0,0,0
"CAIRNEY, T",MID,7.9,0.0,0.0,0,0,0,0,0,4.02,0,0,0,0,0,0,0,0,0,0,0,0
"COSTA, H",MID,7.4,0.0,0.0,0,0,0,0,0,2.11,0,0,0,0,0,0,0,0,0,0,0,0
"CAVALEIRO, I",MID,7.7,0.0,0.0,0,0,0,0,0,0.82,0,0,0,0,0,0,0,0,0,0,0,0
"GIBBS-WHITE, M",MID,6.5,0.0,0.0,0,0,0,0,0,0.21,0,0,0,0,0,0,0,0,0,0,0,0
"BAMBA, S",DEF,6.4,0.0,0.0,0,0,0,0,0,1.68,0,0,0,0,0,0,0,0,0,0,0,0
"CISSE, I",MID,5.8,0.0,0.0,0,0,0,0,0,0.95,0,0,0,0,0,0,0,0,0,0,0,0
"MENDEZ-LAING, N",MID,7.2,0.0,0.0,0,0,0,0,0,0.27,0,0,0,0,0,0,0,0,0,0,0,0
"DAMOUR, L",MID,6.5,0.0,0.0,0,0,0,0,0,0.13,0,0,0,0,0,0,0,0,0,0,0,0
"JOTA, D",MID,8.3,0.0,0.0,0,0,0,0,0,4.05,0,0,0,0,0,0,0,0,0,0,0,0
"KEITA, N",MID,9.2,0.0,0.0,0,0,0,0,0,10.17,0,0,0,0,0,0,0,0,0,0,0,0
"CHOUDHURY, H",MID,5.5,0.0,0.0,0,0,0,0,0,0.5,0,0,0,0,0,0,0,0,0,0,0,0
"PELTIER, L",DEF,5.4,0.0,0.0,0,0,0,0,0,0.71,0,0,0,0,0,0,0,0,0,0,0,0
"BACUNA, J",MID,7.0,0.0,0.0,0,0,0,0,0,0.15,0,0,0,0,0,0,0,0,0,0,0,0
"MADDISON, J",MID,7.6,0.0,0.0,0,0,0,0,0,2.33,0,0,0,0,0,0,0,0,0,0,0,0
"ARMSTRONG, S",MID,7.5,0.0,0.0,0,0,0,0,0,0.68,0,0,0,0,0,0,0,0,0,0,0,0
"REID, B",MID,7.9,0.0,0.0,0,0,0,0,0,0.52,0,0,0,0,0,0,0,0,0,0,0,0
"ELYOUNOUSSI, M",MID,7.9,0.0,0.0,0,0,0,0,0,0.55,0,0,0,0,0,0,0,0,0,0,0,0
"RICHARDS, J",DEF,4.8,0.0,0.0,0,0,0,0,0,0.88,0,0,0,0,0,0,0,0,0,0,0,0
"BROOKS, D",MID,6.3,0.0,0.0,0,0,0,0,0,0.51,0,0,0,0,0,0,0,0,0,0,0,0
"SEMA, K",MID,7.4,0.0,0.0,0,0,0,0,0,0.07,0,0,0,0,0,0,0,0,0,0,0,0
"TORREIRA, L",MID,8.4,0.0,0.0,0,0,0,0,0,2.03,0,0,0,0,0,0,0,0,0,0,0,0
"GUENDOUZI, M",MID,7.0,0.0,0.0,0,0,0,0,0,0.41,0,0,0,0,0,0,0,0,0,0,0,0
"YARMOLENKO, A",MID,9.0,0.0,0.0,0,0,0,0,0,1.86,0,0,0,0,0,0,0,0,0,0,0,0
"SERI, J",MID,7.2,0.0,0.0,0,0,0,0,0,4.08,0,0,0,0,0,0,0,0,0,0,0,0
JORGINHO,MID,9.1,0.0,0.0,0,0,0,0,0,6.39,0,0,0,0,0,0,0,0,0,0,0,0
"ANDERSON, F",MID,8.7,0.0,0.0,0,0,0,0,0,3.18,0,0,0,0,0,0,0,0,0,0,0,0
"BISSOUMA, Y",MID,6.8,0.0,0.0,0,0,0,0,0,0.24,0,0,0,0,0,0,0,0,0,0,0,0
"DIAKHABY, A",MID,7.7,0.0,0.0,0,0,0,0,0,0.08,0,0,0,0,0,0,0,0,0,0,0,0
"KAIKAI, S",MID,6.0,0.0,0.0,0,0,0,0,0,0.18,0,0,0,0,0,0,0,0,0,0,0,0
"PEREIRA, A",MID,6.3,0.0,0.0,0,0,0,0,0,0.56,0,0,0,0,0,0,0,0,0,0,0,0
"HUDSON-ODOI, C",MID,6.2,0.0,0.0,0,0,0,0,0,0.17,0,0,0,0,0,0,0,0,0,0,0,0
"MOUTINHO, J",MID,8.8,0.0,0.0,0,0,0,0,0,1.03,0,0,0,0,0,0,0,0,0,0,0,0
"JAHANBAKHSH, A",MID,8.3,0.0,0.0,0,0,0,0,0,0.39,0,0,0,0,0,0,0,0,0,0,0,0
"SCHURRLE, A",MID,8.3,0.0,0.0,0,0,0,0,0,2.29,0,0,0,0,0,0,0,0,0,0,0,0
"HALFORD, G",DEF,4.4,0.0,0.0,0,0,0,0,0,2.25,0,0,0,0,0,0,0,0,0,0,0,0
"MANGA, E",DEF,5.8,0.0,0.0,0,0,0,0,0,0.6,0,0,0,0,0,0,0,0,0,0,0,0
"CHRISTIE, C",DEF,6.7,0.0,0.0,0,0,0,0,0,0.52,0,0,0,0,0,0,0,0,0,0,0,0
"BOLY, W",DEF,6.1,0.0,0.0,0,0,0,0,0,4.47,0,0,0,0,0,0,0,0,0,0,0,0
"MUTCH, J",MID,5.4,0.0,0.0,0,0,0,0,0,0.84,0,0,0,0,0,0,0,0,0,0,0,0
"LICHTSTEINER, S",DEF,8.4,0.0,0.0,0,0,0,0,0,0.87,0,0,0,0,0,0,0,0,0,0,0,0
"OXFORD, R",DEF,5.0,0.0,0.0,0,0,0,0,0,1.08,0,0,0,0,0,0,0,0,0,0,0,0
"SCHAR, F",DEF,6.9,0.0,0.0,0,0,0,0,0,0.66,0,0,0,0,0,0,0,0,0,0,0,0
"CARGILL, B",DEF,5.3,0.0,0.0,0,0,0,0,0,0.92,0,0,0,0,0,0,0,0,0,0,0,0
"MORRISON, S",DEF,6.0,0.0,0.0,0,0,0,0,0,1.81,0,0,0,0,0,0,0,0,0,0,0,0
"BENNETT, R",DEF,5.7,0.0,0.0,0,0,0,0,0,0.86,0,0,0,0,0,0,0,0,0,0,0,0
"JENKINSON, C",DEF,6.4,0.0,0.0,0,0,0,0,0,0.35,0,0,0,0,0,0,0,0,0,0,0,0
"OTTO, J",DEF,6.2,0.0,0.0,0,0,0,0,0,0.52,0,0,0,0,0,0,0,0,0,0,0,0
"WICKHAM, C",STR,7.7,0.0,0.0,0,0,0,0,0,0.24,0,0,0,0,0,0,0,0,0,0,0,0
"GREEN, R",GK,5.7,0.0,0.0,0,0,0,0,0,0.04,0,0,0,0,0,0,0,0,0,0,0,0
"DJALO, M",DEF,5.2,0.0,0.0,0,0,0,0,0,0.81,0,0,0,0,0,0,0,0,0,0,0,0
FABRI,GK,6.1,0.0,0.0,0,0,0,0,0,0.08,0,0,0,0,0,0,0,0,0,0,0,0
"GRANT, L",GK,6.0,0.0,0.0,0,0,0,0,0,0.03,0,0,0,0,0,0,0,0,0,0,0,0
"RICO, D",DEF,7.3,0.0,0.0,0,0,0,0,0,0.12,0,0,0,0,0,0,0,0,0,0,0,0
"MARKOVIC, L",MID,6.5,0.0,0.0,0,0,0,0,0,0.24,0,0,0,0,0,0,0,0,0,0,0,0
ALISSON,GK,7.3,0.0,0.0,0,0,0,0,0,11.38,0,0,0,0,0,0,0,0,0,0,0,0
"GUNN, A",GK,6.6,0.0,0.0,0,0,0,0,0,0.18,0,0,0,0,0,0,0,0,0,0,0,0
"FOSTER, B",GK,6.3,0.0,0.0,0,0,0,0,0,0.53,0,0,0,0,0,0,0,0,0,0,0,0
"LENO, B",GK,6.8,0.0,0.0,0,0,0,0,0,2.99,0,0,0,0,0,0,0,0,0,0,0,0
"SMITHIES, A",GK,6.3,0.0,0.0,0,0,0,0,0,0.11,0,0,0,0,0,0,0,0,0,0,0,0
"PATRICIO, R",GK,6.6,0.0,0.0,0,0,0,0,0,3.18,0,0,0,0,0,0,0,0,0,0,0,0
"CAMP, L",GK,4.9,0.0,0.0,0,0,0,0,0,0.55,0,0,0,0,0,0,0,0,0,0,0,0
"TAYLOR, S",GK,5.0,0.0,0.0,0,0,0,0,0,0.14,0,0,0,0,0,0,0,0,0,0,0,0
"LEGZDINS, A",GK,5.1,0.0,0.0,0,0,0,0,0,0.09,0,0,0,0,0,0,0,0,0,0,0,0
"MURPHY, B",GK,5.1,0.0,0.0,0,0,0,0,0,0.09,0,0,0,0,0,0,0,0,0,0,0,0
"NORRIS, W",GK,5.2,0.0,0.0,0,0,0,0,0,0.12,0,0,0,0,0,0,0,0,0,0,0,0
"SUCCESS, I",STR,6.3,0.0,0.0,0,0,0,0,0,0.78,0,0,0,0,0,0,0,0,0,0,0,0
"FREDERICKS, R",DEF,6.7,0.0,0.0,0,0,0,0,0,2.59,0,0,0,0,0,0,0,0,0,0,0,0
"MUSA, A",STR,7.3,0.0,0.0,0,0,0,0,0,1.24,0,0,0,0,0,0,0,0,0,0,0,0
"CUNNINGHAM, G",DEF,5.4,0.0,0.0,0,0,0,0,0,0.83,0,0,0,0,0,0,0,0,0,0,0,0
"COADY, C",DEF,6.0,0.0,0.0,0,0,0,0,0,3.45,0,0,0,0,0,0,0,0,0,0,0,0
"CONNOLLY, M",DEF,4.2,0.0,0.0,0,0,0,0,0,3.6,0,0,0,0,0,0,0,0,0,0,0,0
"BENNETT, J",DEF,6.1,0.0,0.0,0,0,0,0,0,0.54,0,0,0,0,0,0,0,0,0,0,0,0
"PEREZ, L",STR,7.7,0.0,0.0,0,0,0,0,0,0.44,0,0,0,0,0,0,0,0,0,0,0,0
"NORWOOD, O",MID,5.2,0.0,0.0,0,0,0,0,0,1.15,0,0,0,0,0,0,0,0,0,0,0,0
"BUTTON, D",GK,5.6,0.0,0.0,0,0,0,0,0,0.07,0,0,0,0,0,0,0,0,0,0,0,0
"BETTINELLI, M",GK,6.2,0.0,0.0,0,0,0,0,0,0.23,0,0,0,0,0,0,0,0,0,0,0,0
"ETHERIDGE, N",GK,6.2,0.0,0.0,0,0,0,0,0,0.18,0,0,0,0,0,0,0,0,0,0,0,0
"FOLIVI, M",STR,6.8,0.0,0.0,0,0,0,0,0,0.21,0,0,0,0,0,0,0,0,0,0,0,0
"STANKOVIC, J",DEF,4.9,0.0,0.0,0,0,0,0,0,1.09,0,0,0,0,0,0,0,0,0,0,0,0
"GUAITA, V",GK,6.2,0.0,0.0,0,0,0,0,0,0.13,0,0,0,0,0,0,0,0,0,0,0,0
"RUDDY, J",GK,6.4,0.0,0.0,0,0,0,0,0,0.29,0,0,0,0,0,0,0,0,0,0,0,0
"SKALAK, J",MID,5.6,0.0,0.0,0,0,0,0,0,0.38,0,0,0,0,0,0,0,0,0,0,0,0
"PEREIRA, R",DEF,7.6,0.0,0.0,0,0,0,0,0,0.74,0,0,0,0,0,0,0,0,0,0,0,0
"BALBUENA, F",DEF,6.8,0.0,0.0,0,0,0,0,0,0.62,0,0,0,0,0,0,0,0,0,0,0,0
"MAENPAA, N",GK,5.9,0.0,0.0,0,0,0,0,0,0.08,0,0,0,0,0,0,0,0,0,0,0,0
"TOWELL, R",MID,5.5,0.0,0.0,0,0,0,0,0,0.34,0,0,0,0,0,0,0,0,0,0,0,0
"STEKELENBURG, M",GK,6.0,0.0,0.0,0,0,0,0,0,0.1,0,0,0,0,0,0,0,0,0,0,0,0
"LE MARCHAND, M",DEF,6.6,0.0,0.0,0,0,0,0,0,0.5,0,0,0,0,0,0,0,0,0,0,0,0
"WARD, D",GK,5.7,0.0,0.0,0,0,0,0,0,0.41,0,0,0,0,0,0,0,0,0,0,0,0
"WARD, D",STR,5.7,0.0,0.0,0,0,0,0,0,0.16,0,0,0,0,0,0,0,0,0,0,0,0
"WARD, D",GK,7.1,0.0,0.0,0,0,0,0,0,0.41,0,0,0,0,0,0,0,0,0,0,0,0
"WARD, D",STR,7.1,0.0,0.0,0,0,0,0,0,0.16,0,0,0,0,0,0,0,0,0,0,0,0
"VESTERGAARD, J",DEF,7.5,0.0,0.0,0,0,0,0,0,0.97,0,0,0,0,0,0,0,0,0,0,0,0
"FOYTH, J",DEF,5.5,0.0,0.0,0,0,0,0,0,0.59,0,0,0,0,0,0,0,0,0,0,0,0
"MARTINEZ, T",STR,6.6,0.0,0.0,0,0,0,0,0,0.56,0,0,0,0,0,0,0,0,0,0,0,0
"DURM, E",DEF,7.5,0.0,0.0,0,0,0,0,0,0.21,0,0,0,0,0,0,0,0,0,0,0,0
"MATEJU, A",DEF,5.1,0.0,0.0,0,0,0,0,0,0.94,0,0,0,0,0,0,0,0,0,0,0,0
BERNARDO,DEF,6.5,0.0,0.0,0,0,0,0,0,0.58,0,0,0,0,0,0,0,0,0,0,0,0
"PAPASTATHOPOULOS, S",DEF,8.6,0.0,0.0,0,0,0,0,0,1.82,0,0,0,0,0,0,0,0,0,0,0,0
"MASINA, A",DEF,6.8,0.0,0.0,0,0,0,0,0,0.18,0,0,0,0,0,0,0,0,0,0,0,0
"DIOP, I",DEF,6.9,0.0,0.0,0,0,0,0,0,1.68,0,0,0,0,0,0,0,0,0,0,0,0
"OBAFEMI, M",STR,6.0,0.0,0.0,0,0,0,0,0,0.58,0,0,0,0,0,0,0,0,0,0,0,0
"NAVARRO, M",DEF,6.5,0.0,0.0,0,0,0,0,0,0.2,0,0,0,0,0,0,0,0,0,0,0,0
"BONATINI, L",STR,8.5,0.0,0.0,0,0,0,0,0,0.92,0,0,0,0,0,0,0,0,0,0,0,0
"DALOT, D",DEF,8.4,0.0,0.0,0,0,0,0,0,0.4,0,0,0,0,0,0,0,0,0,0,0,0
"BORUC, A",GK,5.9,0.0,0.0,0,0,0,0,0,0.12,0,0,0,0,0,0,0,0,0,0,0,0
"ZOHORE, K",STR,8.4,0.0,0.0,0,0,0,0,0,0.48,0,0,0,0,0,0,0,0,0,0,0,0
"WOODROW, C",STR,6.0,0.0,0.0,0,0,0,0,0,0.54,0,0,0,0,0,0,0,0,0,0,0,0
"GALLAGHER, S",STR,6.8,0.0,0.0,0,0,0,0,0,0.11,0,0,0,0,0,0,0,0,0,0,0,0
"ANDONE, F",STR,7.7,0.0,0.0,0,0,0,0,0,0.26,0,0,0,0,0,0,0,0,0,0,0,0
"MADINE, G",STR,7.4,0.0,0.0,0,0,0,0,0,0.24,0,0,0,0,0,0,0,0,0,0,0,0
"GOUNONGBE, F",STR,6.4,0.0,0.0,0,0,0,0,0,0.21,0,0,0,0,0,0,0,0,0,0,0,0
"MEITE, I",STR,6.0,0.0,0.0,0,0,0,0,0,0.5,0,0,0,0,0,0,0,0,0,0,0,0
"ENOBAKHARE, B",STR,7.4,0.0,0.0,0,0,0,0,0,0.3,0,0,0,0,0,0,0,0,0,0,0,0
"BALOGUN, L",DEF,7.4,0.0,0.0,0,0,0,0,0,0.12,0,0,0,0,0,0,0,0,0,0,0,0
"KAMARA, A",STR,7.5,0.0,0.0,0,0,0,0,0,0.46,0,0,0,0,0,0,0,0,0,0,0,0
"FONTE, R",STR,7.0,0.0,0.0,0,0,0,0,0,0.42,0,0,0,0,0,0,0,0,0,0,0,0
"BOGLE, O",STR,7.6,0.0,0.0,0,0,0,0,0,0.14,0,0,0,0,0,0,0,0,0,0,0,0
"JIMENEZ, R",STR,7.9,0.0,0.0,0,0,0,0,0,1.86,0,0,0,0,0,0,0,0,0,0,0,0
"AYITE, F",MID,6.7,0.0,0.0,0,0,0,0,0,0.19,0,0,0,0,0,0,0,0,0,0,0,0
